4,Afghanistan,2012,Intentional homicide rates per 100000,6.3
4,Afghanistan,2012,Percentage of male and female intentional homicide victims Male,11.8
4,Afghanistan,2012,Percentage of male and female intentional homicide victims Female,0.6
8,Albania,2015,Intentional homicide rates per 100000,2.3
8,Albania,2015,Percentage of male and female intentional homicide victims Male,3.5
8,Albania,2015,Percentage of male and female intentional homicide victims Female,1
8,Albania,2015,Assault rate per 100000 population,5.8
8,Albania,2015,Theft at the national level rate per 100000 population,248.1
8,Albania,2015,Robbery at the national level rate per 100000 population,8.1
8,Albania,2015,Total Sexual Violence at the national level rate per 100000,5.1
8,Albania,2015,Kidnapping at the national level rate per 100000,0.3
12,Algeria,2015,Intentional homicide rates per 100000,1.4
12,Algeria,2015,Assault rate per 100000 population,123.8
12,Algeria,2015,Kidnapping at the national level rate per 100000,1.3
12,Algeria,2015,Robbery at the national level rate per 100000 population,65.6
12,Algeria,2015,Theft at the national level rate per 100000 population,125
12,Algeria,2015,Total Sexual Violence at the national level rate per 100000,8.5
12,Algeria,2015,Percentage of male and female intentional homicide victims Male,2.3
12,Algeria,2015,Percentage of male and female intentional homicide victims Female,0.4
20,Andorra,2011,Intentional homicide rates per 100000,1.2
20,Andorra,2015,Percentage of male and female intentional homicide victims Male,0
20,Andorra,2015,Percentage of male and female intentional homicide victims Female,0
20,Andorra,2015,Assault rate per 100000 population,188.7
20,Andorra,2015,Theft at the national level rate per 100000 population,1484.30
20,Andorra,2015,Robbery at the national level rate per 100000 population,11.4
20,Andorra,2015,Total Sexual Violence at the national level rate per 100000,15.6
20,Andorra,2014,Kidnapping at the national level rate per 100000,1.4
24,Angola,2012,Intentional homicide rates per 100000,4.8
24,Angola,2012,Percentage of male and female intentional homicide victims Male,7.8
24,Angola,2012,Percentage of male and female intentional homicide victims Female,2.1
28,Antigua and Barbuda,2012,Intentional homicide rates per 100000,10.3
28,Antigua and Barbuda,2008,Percentage of male and female intentional homicide victims Male,24.8
28,Antigua and Barbuda,2008,Percentage of male and female intentional homicide victims Female,10.4
32,Argentina,2015,Assault rate per 100000 population,417.6
32,Argentina,2015,Theft at the national level rate per 100000 population,626.3
32,Argentina,2015,Robbery at the national level rate per 100000 population,1020.40
32,Argentina,2015,Total Sexual Violence at the national level rate per 100000,37.1
32,Argentina,2015,Intentional homicide rates per 100000,6.5
32,Argentina,2015,Percentage of male and female intentional homicide victims Male,11.5
32,Argentina,2015,Percentage of male and female intentional homicide victims Female,1.7
51,Armenia,2015,Intentional homicide rates per 100000,2.6
51,Armenia,2015,Percentage of male and female intentional homicide victims Male,3.9
51,Armenia,2015,Percentage of male and female intentional homicide victims Female,1.4
51,Armenia,2015,Assault rate per 100000 population,5.4
51,Armenia,2015,Kidnapping at the national level rate per 100000,1.9
51,Armenia,2015,Theft at the national level rate per 100000 population,177.8
51,Armenia,2012,Robbery at the national level rate per 100000 population,10.4
51,Armenia,2015,Total Sexual Violence at the national level rate per 100000,4
36,Australia,2015,Intentional homicide rates per 100000,1
36,Australia,2015,Percentage of male and female intentional homicide victims Male,1.3
36,Australia,2015,Percentage of male and female intentional homicide victims Female,0.7
36,Australia,2015,Theft at the national level rate per 100000 population,2122.50
36,Australia,2015,Assault rate per 100000 population,279.9
36,Australia,2015,Kidnapping at the national level rate per 100000,2.2
36,Australia,2015,Robbery at the national level rate per 100000 population,37.4
36,Australia,2015,Total Sexual Violence at the national level rate per 100000,89.2
40,Austria,2015,Intentional homicide rates per 100000,0.5
40,Austria,2015,Percentage of male and female intentional homicide victims Male,0.7
40,Austria,2015,Percentage of male and female intentional homicide victims Female,0.4
40,Austria,2015,Assault rate per 100000 population,40.5
40,Austria,2015,Kidnapping at the national level rate per 100000,0
40,Austria,2015,Theft at the national level rate per 100000 population,1630.90
40,Austria,2015,Robbery at the national level rate per 100000 population,40
40,Austria,2015,Total Sexual Violence at the national level rate per 100000,39
31,Azerbaijan,2014,Intentional homicide rates per 100000,2.5
31,Azerbaijan,2014,Assault rate per 100000 population,1.7
31,Azerbaijan,2014,Kidnapping at the national level rate per 100000,0
31,Azerbaijan,2014,Theft at the national level rate per 100000 population,60.9
31,Azerbaijan,2014,Robbery at the national level rate per 100000 population,2.5
31,Azerbaijan,2014,Percentage of male and female intentional homicide victims Male,3.2
31,Azerbaijan,2014,Percentage of male and female intentional homicide victims Female,1.8
31,Azerbaijan,2014,Total Sexual Violence at the national level rate per 100000,2.2
16,American Samoa,2015,Intentional homicide rates per 100000,7.2
660,Anguilla,2014,Intentional homicide rates per 100000,27.7
533,Aruba,2014,Intentional homicide rates per 100000,1.9
533,Aruba,2014,Percentage of male and female intentional homicide victims Male,4.1
533,Aruba,2014,Percentage of male and female intentional homicide victims Female,0
48,Bahrain,2014,Intentional homicide rates per 100000,0.5
48,Bahrain,2008,Assault rate per 100000 population,327.5
48,Bahrain,2006,Kidnapping at the national level rate per 100000,2.2
48,Bahrain,2008,Theft at the national level rate per 100000 population,681
48,Bahrain,2008,Robbery at the national level rate per 100000 population,27.4
48,Bahrain,2008,Total Sexual Violence at the national level rate per 100000,15.7
48,Bahrain,2011,Percentage of male and female intentional homicide victims Male,0.7
48,Bahrain,2011,Percentage of male and female intentional homicide victims Female,0.3
50,Bangladesh,2015,Intentional homicide rates per 100000,2.5
50,Bangladesh,2006,Assault rate per 100000 population,0.4
50,Bangladesh,2006,Kidnapping at the national level rate per 100000,0.8
50,Bangladesh,2006,Theft at the national level rate per 100000 population,9
50,Bangladesh,2006,Robbery at the national level rate per 100000 population,0.6
50,Bangladesh,2015,Percentage of male and female intentional homicide victims Male,3.9
50,Bangladesh,2015,Percentage of male and female intentional homicide victims Female,1
52,Barbados,2015,Intentional homicide rates per 100000,10.9
52,Barbados,2015,Percentage of male and female intentional homicide victims Male,20.6
52,Barbados,2015,Percentage of male and female intentional homicide victims Female,2
52,Barbados,2015,Assault rate per 100000 population,518.6
52,Barbados,2015,Kidnapping at the national level rate per 100000,4.9
52,Barbados,2015,Theft at the national level rate per 100000 population,596
52,Barbados,2015,Robbery at the national level rate per 100000 population,105.6
52,Barbados,2015,Total Sexual Violence at the national level rate per 100000,68.3
112,Belarus,2014,Intentional homicide rates per 100000,3.6
112,Belarus,2014,Assault rate per 100000 population,8.7
112,Belarus,2014,Kidnapping at the national level rate per 100000,0.3
112,Belarus,2014,Theft at the national level rate per 100000 population,426.6
112,Belarus,2014,Robbery at the national level rate per 100000 population,25.9
112,Belarus,2014,Total Sexual Violence at the national level rate per 100000,4.8
112,Belarus,2014,Percentage of male and female intentional homicide victims Male,5.1
112,Belarus,2014,Percentage of male and female intentional homicide victims Female,2.3
56,Belgium,2015,Intentional homicide rates per 100000,1.9
56,Belgium,2014,Percentage of male and female intentional homicide victims Male,2.3
56,Belgium,2014,Percentage of male and female intentional homicide victims Female,1.4
56,Belgium,2015,Assault rate per 100000 population,600
56,Belgium,2015,Kidnapping at the national level rate per 100000,10.1
56,Belgium,2015,Theft at the national level rate per 100000 population,1651.30
56,Belgium,2015,Robbery at the national level rate per 100000 population,195.6
56,Belgium,2015,Total Sexual Violence at the national level rate per 100000,55.1
84,Belize,2015,Intentional homicide rates per 100000,33.1
84,Belize,2015,Percentage of male and female intentional homicide victims Male,61.4
84,Belize,2015,Percentage of male and female intentional homicide victims Female,5
84,Belize,2014,Kidnapping at the national level rate per 100000,1.1
84,Belize,2014,Theft at the national level rate per 100000 population,234.9
84,Belize,2014,Robbery at the national level rate per 100000 population,86.4
84,Belize,2014,Assault rate per 100000 population,296.3
84,Belize,2014,Total Sexual Violence at the national level rate per 100000,42.4
204,Benin,2015,Intentional homicide rates per 100000,6.2
204,Benin,2015,Percentage of male and female intentional homicide victims Male,10
204,Benin,2015,Percentage of male and female intentional homicide victims Female,2.4
64,Bhutan,2015,Intentional homicide rates per 100000,1.5
64,Bhutan,2013,Assault rate per 100000 population,1.7
64,Bhutan,2014,Kidnapping at the national level rate per 100000,0.8
64,Bhutan,2014,Theft at the national level rate per 100000 population,69.5
64,Bhutan,2013,Robbery at the national level rate per 100000 population,5.4
64,Bhutan,2014,Total Sexual Violence at the national level rate per 100000,10.6
64,Bhutan,2015,Percentage of male and female intentional homicide victims Male,2.4
64,Bhutan,2015,Percentage of male and female intentional homicide victims Female,0.5
68,Bolivia (Plurin. State of),2015,Intentional homicide rates per 100000,6.3
68,Bolivia (Plurin. State of),2012,Assault rate per 100000 population,72.5
68,Bolivia (Plurin. State of),2012,Kidnapping at the national level rate per 100000,1
68,Bolivia (Plurin. State of),2012,Theft at the national level rate per 100000 population,50.8
68,Bolivia (Plurin. State of),2012,Robbery at the national level rate per 100000 population,140.8
68,Bolivia (Plurin. State of),2012,Total Sexual Violence at the national level rate per 100000,47.1
68,Bolivia (Plurin. State of),2015,Percentage of male and female intentional homicide victims Male,8
68,Bolivia (Plurin. State of),2015,Percentage of male and female intentional homicide victims Female,4.5
70,Bosnia and Herzegovina,2015,Intentional homicide rates per 100000,1.6
70,Bosnia and Herzegovina,2015,Percentage of male and female intentional homicide victims Male,2.2
70,Bosnia and Herzegovina,2015,Percentage of male and female intentional homicide victims Female,1
70,Bosnia and Herzegovina,2015,Assault rate per 100000 population,26
70,Bosnia and Herzegovina,2014,Kidnapping at the national level rate per 100000,0.1
70,Bosnia and Herzegovina,2015,Theft at the national level rate per 100000 population,127.9
70,Bosnia and Herzegovina,2014,Robbery at the national level rate per 100000 population,26.9
70,Bosnia and Herzegovina,2015,Total Sexual Violence at the national level rate per 100000,4.3
72,Botswana,2010,Intentional homicide rates per 100000,15
72,Botswana,2010,Percentage of male and female intentional homicide victims Male,27.9
72,Botswana,2010,Percentage of male and female intentional homicide victims Female,2.5
72,Botswana,2014,Assault rate per 100000 population,758.9
72,Botswana,2014,Kidnapping at the national level rate per 100000,0.1
72,Botswana,2014,Theft at the national level rate per 100000 population,1335.90
72,Botswana,2014,Robbery at the national level rate per 100000 population,76.5
72,Botswana,2014,Total Sexual Violence at the national level rate per 100000,123.9
76,Brazil,2015,Intentional homicide rates per 100000,28.4
76,Brazil,2015,Percentage of male and female intentional homicide victims Male,53.1
76,Brazil,2015,Percentage of male and female intentional homicide victims Female,4.4
76,Brazil,2013,Assault rate per 100000 population,323.9
76,Brazil,2013,Kidnapping at the national level rate per 100000,0.2
76,Brazil,2013,Theft at the national level rate per 100000 population,873.8
76,Brazil,2013,Robbery at the national level rate per 100000 population,495.7
76,Brazil,2013,Total Sexual Violence at the national level rate per 100000,27.5
96,Brunei Darussalam,2013,Intentional homicide rates per 100000,0.5
96,Brunei Darussalam,2000,Percentage of male and female intentional homicide victims Male,1.2
96,Brunei Darussalam,2000,Percentage of male and female intentional homicide victims Female,1.2
96,Brunei Darussalam,2006,Assault rate per 100000 population,122.5
96,Brunei Darussalam,2004,Kidnapping at the national level rate per 100000,0.3
96,Brunei Darussalam,2006,Theft at the national level rate per 100000 population,308.6
96,Brunei Darussalam,2006,Robbery at the national level rate per 100000 population,0.5
100,Bulgaria,2015,Intentional homicide rates per 100000,1.8
100,Bulgaria,2015,Percentage of male and female intentional homicide victims Male,2.9
100,Bulgaria,2015,Percentage of male and female intentional homicide victims Female,0.8
100,Bulgaria,2015,Assault rate per 100000 population,35.3
100,Bulgaria,2015,Kidnapping at the national level rate per 100000,1
100,Bulgaria,2015,Theft at the national level rate per 100000 population,535.9
100,Bulgaria,2015,Robbery at the national level rate per 100000 population,27.2
100,Bulgaria,2015,Total Sexual Violence at the national level rate per 100000,8.4
854,Burkina Faso,2015,Intentional homicide rates per 100000,0.4
854,Burkina Faso,2015,Percentage of male and female intentional homicide victims Male,0.6
854,Burkina Faso,2015,Percentage of male and female intentional homicide victims Female,0.2
104,Myanmar,2015,Intentional homicide rates per 100000,2.2
104,Myanmar,2015,Percentage of male and female intentional homicide victims Male,3.7
104,Myanmar,2015,Percentage of male and female intentional homicide victims Female,0.7
104,Myanmar,2015,Assault rate per 100000 population,9
104,Myanmar,2015,Theft at the national level rate per 100000 population,5.4
104,Myanmar,2015,Robbery at the national level rate per 100000 population,0.3
104,Myanmar,2013,Total Sexual Violence at the national level rate per 100000,0.7
104,Myanmar,2014,Kidnapping at the national level rate per 100000,0
108,Burundi,2015,Intentional homicide rates per 100000,4.5
108,Burundi,2014,Assault rate per 100000 population,5.1
108,Burundi,2014,Kidnapping at the national level rate per 100000,0.7
108,Burundi,2014,Robbery at the national level rate per 100000 population,41.6
108,Burundi,2014,Total Sexual Violence at the national level rate per 100000,11.7
108,Burundi,2015,Percentage of male and female intentional homicide victims Male,7.6
108,Burundi,2015,Percentage of male and female intentional homicide victims Female,1.5
108,Burundi,2014,Theft at the national level rate per 100000 population,7.5
60,Bermuda,2015,Intentional homicide rates per 100000,6.5
60,Bermuda,2015,Percentage of male and female intentional homicide victims Male,13.6
60,Bermuda,2015,Percentage of male and female intentional homicide victims Female,0
60,Bermuda,2015,Assault rate per 100000 population,922.5
60,Bermuda,2015,Kidnapping at the national level rate per 100000,1.6
60,Bermuda,2015,Theft at the national level rate per 100000 population,1029.00
60,Bermuda,2015,Robbery at the national level rate per 100000 population,74.2
60,Bermuda,2015,Total Sexual Violence at the national level rate per 100000,137.1
116,Cambodia,2011,Intentional homicide rates per 100000,1.8
116,Cambodia,2011,Percentage of male and female intentional homicide victims Male,3.2
116,Cambodia,2011,Percentage of male and female intentional homicide victims Female,0.6
120,Cameroon,2012,Intentional homicide rates per 100000,4.2
120,Cameroon,2015,Assault rate per 100000 population,20.6
120,Cameroon,2015,Theft at the national level rate per 100000 population,69.8
120,Cameroon,2015,Kidnapping at the national level rate per 100000,4.2
120,Cameroon,2015,Robbery at the national level rate per 100000 population,69.8
120,Cameroon,2014,Total Sexual Violence at the national level rate per 100000,3.1
120,Cameroon,2012,Percentage of male and female intentional homicide victims Male,6.8
120,Cameroon,2012,Percentage of male and female intentional homicide victims Female,1.5
124,Canada,2015,Intentional homicide rates per 100000,1.7
124,Canada,2015,Percentage of male and female intentional homicide victims Male,2.4
124,Canada,2015,Percentage of male and female intentional homicide victims Female,1
124,Canada,2015,Assault rate per 100000 population,140.3
124,Canada,2015,Kidnapping at the national level rate per 100000,9.9
124,Canada,2015,Theft at the national level rate per 100000 population,1402.70
124,Canada,2015,Robbery at the national level rate per 100000 population,61.4
124,Canada,2015,Total Sexual Violence at the national level rate per 100000,76
132,Cabo Verde,2015,Intentional homicide rates per 100000,8.6
132,Cabo Verde,2015,Assault rate per 100000 population,807.9
132,Cabo Verde,2015,Kidnapping at the national level rate per 100000,1
132,Cabo Verde,2015,Theft at the national level rate per 100000 population,799.4
132,Cabo Verde,2015,Robbery at the national level rate per 100000 population,1051.30
132,Cabo Verde,2015,Total Sexual Violence at the national level rate per 100000,42.3
132,Cabo Verde,2015,Percentage of male and female intentional homicide victims Male,14.7
132,Cabo Verde,2015,Percentage of male and female intentional homicide victims Female,2.6
148,Chad,2015,Intentional homicide rates per 100000,9
148,Chad,2015,Percentage of male and female intentional homicide victims Male,14.4
148,Chad,2015,Percentage of male and female intentional homicide victims Female,3.6
152,Chile,2015,Intentional homicide rates per 100000,3
152,Chile,2015,Percentage of male and female intentional homicide victims Male,5.3
152,Chile,2015,Percentage of male and female intentional homicide victims Female,0.7
152,Chile,2015,Kidnapping at the national level rate per 100000,1.5
152,Chile,2015,Theft at the national level rate per 100000 population,1025.60
152,Chile,2015,Robbery at the national level rate per 100000 population,593.2
152,Chile,2015,Assault rate per 100000 population,89
152,Chile,2015,Total Sexual Violence at the national level rate per 100000,65.6
156,China,2015,Intentional homicide rates per 100000,0.7
156,China,2014,Percentage of male and female intentional homicide victims Male,0.9
156,China,2014,Percentage of male and female intentional homicide victims Female,0.5
170,Colombia,2015,Intentional homicide rates per 100000,26.5
170,Colombia,2015,Percentage of male and female intentional homicide victims Male,49.3
170,Colombia,2015,Percentage of male and female intentional homicide victims Female,4.4
170,Colombia,2015,Assault rate per 100000 population,180.2
170,Colombia,2015,Kidnapping at the national level rate per 100000,0.4
170,Colombia,2015,Theft at the national level rate per 100000 population,300.5
170,Colombia,2015,Robbery at the national level rate per 100000 population,210.1
170,Colombia,2015,Total Sexual Violence at the national level rate per 100000,45.1
174,Comoros,2015,Intentional homicide rates per 100000,7.7
174,Comoros,2015,Percentage of male and female intentional homicide victims Male,11.6
174,Comoros,2015,Percentage of male and female intentional homicide victims Female,3.7
178,Congo,2015,Intentional homicide rates per 100000,9.3
178,Congo,2015,Percentage of male and female intentional homicide victims Male,14.1
178,Congo,2015,Percentage of male and female intentional homicide victims Female,4.5
180,Dem. Rep. of the Congo,2015,Intentional homicide rates per 100000,13.5
180,Dem. Rep. of the Congo,2015,Percentage of male and female intentional homicide victims Male,22
180,Dem. Rep. of the Congo,2015,Percentage of male and female intentional homicide victims Female,5.1
188,Costa Rica,2015,Intentional homicide rates per 100000,11.6
188,Costa Rica,2014,Percentage of male and female intentional homicide victims Male,17.9
188,Costa Rica,2014,Percentage of male and female intentional homicide victims Female,2.1
188,Costa Rica,2014,Kidnapping at the national level rate per 100000,0.1
188,Costa Rica,2013,Theft at the national level rate per 100000 population,696.6
188,Costa Rica,2014,Robbery at the national level rate per 100000 population,1095.60
188,Costa Rica,2013,Assault rate per 100000 population,174.7
188,Costa Rica,2013,Total Sexual Violence at the national level rate per 100000,154.7
384,CÙte díIvoire,2015,Intentional homicide rates per 100000,11.6
384,CÙte díIvoire,2008,Assault rate per 100000 population,52.6
384,CÙte díIvoire,2008,Robbery at the national level rate per 100000 population,3.1
384,CÙte díIvoire,2008,Total Sexual Violence at the national level rate per 100000,3.7
384,CÙte díIvoire,2015,Percentage of male and female intentional homicide victims Male,15.6
384,CÙte díIvoire,2015,Percentage of male and female intentional homicide victims Female,7.5
191,Croatia,2015,Intentional homicide rates per 100000,0.9
191,Croatia,2015,Percentage of male and female intentional homicide victims Male,1.1
191,Croatia,2015,Percentage of male and female intentional homicide victims Female,0.7
191,Croatia,2015,Assault rate per 100000 population,19
191,Croatia,2014,Kidnapping at the national level rate per 100000,0
191,Croatia,2015,Theft at the national level rate per 100000 population,319.5
191,Croatia,2015,Robbery at the national level rate per 100000 population,30.9
191,Croatia,2015,Total Sexual Violence at the national level rate per 100000,14.3
192,Cuba,2015,Intentional homicide rates per 100000,5.4
192,Cuba,2015,Percentage of male and female intentional homicide victims Male,8.4
192,Cuba,2015,Percentage of male and female intentional homicide victims Female,2.4
196,Cyprus,2015,Intentional homicide rates per 100000,1.3
196,Cyprus,2015,Percentage of male and female intentional homicide victims Male,2.2
196,Cyprus,2015,Percentage of male and female intentional homicide victims Female,0.3
196,Cyprus,2015,Assault rate per 100000 population,12.1
196,Cyprus,2015,Kidnapping at the national level rate per 100000,2.1
196,Cyprus,2015,Theft at the national level rate per 100000 population,78.8
196,Cyprus,2015,Robbery at the national level rate per 100000 population,8
196,Cyprus,2015,Total Sexual Violence at the national level rate per 100000,8.6
203,Czechia,2015,Intentional homicide rates per 100000,0.8
203,Czechia,2015,Percentage of male and female intentional homicide victims Male,0.7
203,Czechia,2015,Percentage of male and female intentional homicide victims Female,0.9
203,Czechia,2015,Assault rate per 100000 population,148.6
203,Czechia,2015,Kidnapping at the national level rate per 100000,0
203,Czechia,2015,Theft at the national level rate per 100000 population,1319.30
203,Czechia,2015,Robbery at the national level rate per 100000 population,19.2
203,Czechia,2015,Total Sexual Violence at the national level rate per 100000,13.5
136,Cayman Islands,2014,Intentional homicide rates per 100000,8.4
184,Cook Islands,2012,Intentional homicide rates per 100000,3.5
531,CuraÁao,2007,Intentional homicide rates per 100000,19.2
531,CuraÁao,2007,Percentage of male and female intentional homicide victims Male,36.5
531,CuraÁao,2007,Percentage of male and female intentional homicide victims Female,4.1
208,Denmark,2015,Intentional homicide rates per 100000,1
208,Denmark,2015,Percentage of male and female intentional homicide victims Male,1.2
208,Denmark,2015,Percentage of male and female intentional homicide victims Female,0.8
208,Denmark,2015,Assault rate per 100000 population,25.8
208,Denmark,2015,Theft at the national level rate per 100000 population,3430.50
208,Denmark,2015,Robbery at the national level rate per 100000 population,35.9
208,Denmark,2015,Total Sexual Violence at the national level rate per 100000,38.4
262,Djibouti,2015,Intentional homicide rates per 100000,6.5
262,Djibouti,2015,Percentage of male and female intentional homicide victims Male,10.6
262,Djibouti,2015,Percentage of male and female intentional homicide victims Female,2.3
212,Dominica,2011,Intentional homicide rates per 100000,8.4
214,Dominican Republic,2014,Intentional homicide rates per 100000,17.4
214,Dominican Republic,2014,Percentage of male and female intentional homicide victims Male,31.3
214,Dominican Republic,2014,Percentage of male and female intentional homicide victims Female,3.6
214,Dominican Republic,2014,Kidnapping at the national level rate per 100000,0.2
214,Dominican Republic,2014,Assault rate per 100000 population,48.3
214,Dominican Republic,2014,Theft at the national level rate per 100000 population,235.3
214,Dominican Republic,2014,Robbery at the national level rate per 100000 population,144.2
214,Dominican Republic,2014,Total Sexual Violence at the national level rate per 100000,2.8
218,Ecuador,2015,Intentional homicide rates per 100000,6.5
218,Ecuador,2015,Percentage of male and female intentional homicide victims Male,10.9
218,Ecuador,2015,Percentage of male and female intentional homicide victims Female,2.2
218,Ecuador,2014,Assault rate per 100000 population,46.7
218,Ecuador,2014,Kidnapping at the national level rate per 100000,0.2
218,Ecuador,2014,Theft at the national level rate per 100000 population,152.8
218,Ecuador,2014,Robbery at the national level rate per 100000 population,570.6
218,Ecuador,2014,Total Sexual Violence at the national level rate per 100000,19
818,Egypt,2012,Intentional homicide rates per 100000,2.5
818,Egypt,2012,Percentage of male and female intentional homicide victims Male,4.4
818,Egypt,2012,Percentage of male and female intentional homicide victims Female,0.6
818,Egypt,2011,Kidnapping at the national level rate per 100000,0.3
818,Egypt,2011,Theft at the national level rate per 100000 population,104
818,Egypt,2011,Robbery at the national level rate per 100000 population,3.2
818,Egypt,2011,Assault rate per 100000 population,0.4
818,Egypt,2011,Total Sexual Violence at the national level rate per 100000,0.1
222,El Salvador,2015,Intentional homicide rates per 100000,105.4
222,El Salvador,2015,Percentage of male and female intentional homicide victims Male,204.8
222,El Salvador,2015,Percentage of male and female intentional homicide victims Female,17.2
222,El Salvador,2015,Assault rate per 100000 population,96.1
222,El Salvador,2015,Kidnapping at the national level rate per 100000,0.3
222,El Salvador,2015,Theft at the national level rate per 100000 population,139.4
222,El Salvador,2015,Robbery at the national level rate per 100000 population,84.2
222,El Salvador,2015,Total Sexual Violence at the national level rate per 100000,72.5
226,Equatorial Guinea,2015,Intentional homicide rates per 100000,2.3
226,Equatorial Guinea,2015,Percentage of male and female intentional homicide victims Male,3.4
226,Equatorial Guinea,2015,Percentage of male and female intentional homicide victims Female,0.9
232,Eritrea,2015,Intentional homicide rates per 100000,8
232,Eritrea,2015,Percentage of male and female intentional homicide victims Male,12.6
232,Eritrea,2015,Percentage of male and female intentional homicide victims Female,3.4
233,Estonia,2015,Intentional homicide rates per 100000,3.2
233,Estonia,2015,Percentage of male and female intentional homicide victims Male,5.2
233,Estonia,2015,Percentage of male and female intentional homicide victims Female,1.4
233,Estonia,2015,Assault rate per 100000 population,7.5
233,Estonia,2013,Kidnapping at the national level rate per 100000,0.1
233,Estonia,2015,Theft at the national level rate per 100000 population,865
233,Estonia,2015,Robbery at the national level rate per 100000 population,25.7
233,Estonia,2015,Total Sexual Violence at the national level rate per 100000,42.9
231,Ethiopia,2015,Intentional homicide rates per 100000,7.6
231,Ethiopia,2015,Percentage of male and female intentional homicide victims Male,11.3
231,Ethiopia,2015,Percentage of male and female intentional homicide victims Female,3.9
583,Micronesia (Fed. States of),2015,Intentional homicide rates per 100000,4.7
583,Micronesia (Fed. States of),2015,Percentage of male and female intentional homicide victims Male,6.9
583,Micronesia (Fed. States of),2015,Percentage of male and female intentional homicide victims Female,2.4
242,Fiji,2014,Intentional homicide rates per 100000,2.3
242,Fiji,2014,Percentage of male and female intentional homicide victims Male,1.8
242,Fiji,2014,Percentage of male and female intentional homicide victims Female,2.8
246,Finland,2015,Intentional homicide rates per 100000,1.5
246,Finland,2015,Percentage of male and female intentional homicide victims Male,2.4
246,Finland,2015,Percentage of male and female intentional homicide victims Female,0.6
246,Finland,2015,Assault rate per 100000 population,28.4
246,Finland,2015,Kidnapping at the national level rate per 100000,0
246,Finland,2015,Theft at the national level rate per 100000 population,1771.00
246,Finland,2015,Robbery at the national level rate per 100000 population,28.2
246,Finland,2015,Total Sexual Violence at the national level rate per 100000,54
250,France,2015,Intentional homicide rates per 100000,1.6
250,France,2015,Assault rate per 100000 population,379.1
250,France,2015,Kidnapping at the national level rate per 100000,6.2
250,France,2015,Theft at the national level rate per 100000 population,1906.90
250,France,2015,Robbery at the national level rate per 100000 population,162.9
250,France,2015,Total Sexual Violence at the national level rate per 100000,52.1
250,France,2015,Percentage of male and female intentional homicide victims Male,2
250,France,2015,Percentage of male and female intentional homicide victims Female,1.2
254,French Guiana,2009,Intentional homicide rates per 100000,13.2
254,French Guiana,2009,Percentage of male and female intentional homicide victims Male,21.6
254,French Guiana,2009,Percentage of male and female intentional homicide victims Female,4.8
258,French Polynesia,2009,Intentional homicide rates per 100000,0.4
266,Gabon,2015,Intentional homicide rates per 100000,8
266,Gabon,2015,Percentage of male and female intentional homicide victims Male,12.6
266,Gabon,2015,Percentage of male and female intentional homicide victims Female,3.2
268,Georgia,2014,Intentional homicide rates per 100000,2.7
268,Georgia,2014,Percentage of male and female intentional homicide victims Male,3.9
268,Georgia,2014,Percentage of male and female intentional homicide victims Female,1.6
268,Georgia,2014,Assault rate per 100000 population,5.7
268,Georgia,2010,Kidnapping at the national level rate per 100000,0.1
268,Georgia,2014,Theft at the national level rate per 100000 population,236.9
268,Georgia,2014,Robbery at the national level rate per 100000 population,11.7
268,Georgia,2014,Total Sexual Violence at the national level rate per 100000,3.3
276,Germany,2015,Intentional homicide rates per 100000,0.8
276,Germany,2015,Percentage of male and female intentional homicide victims Male,0.9
276,Germany,2015,Percentage of male and female intentional homicide victims Female,0.8
276,Germany,2015,Assault rate per 100000 population,157.9
276,Germany,2015,Kidnapping at the national level rate per 100000,5.9
276,Germany,2015,Theft at the national level rate per 100000 population,1657.20
276,Germany,2015,Robbery at the national level rate per 100000 population,55.4
276,Germany,2015,Total Sexual Violence at the national level rate per 100000,42.5
288,Ghana,2011,Intentional homicide rates per 100000,1.7
288,Ghana,2011,Percentage of male and female intentional homicide victims Male,2.4
288,Ghana,2011,Percentage of male and female intentional homicide victims Female,1
300,Greece,2015,Intentional homicide rates per 100000,0.8
300,Greece,2015,Percentage of male and female intentional homicide victims Male,1.1
300,Greece,2015,Percentage of male and female intentional homicide victims Female,0.5
300,Greece,2015,Assault rate per 100000 population,14.8
300,Greece,2015,Kidnapping at the national level rate per 100000,0.8
300,Greece,2015,Theft at the national level rate per 100000 population,915.6
300,Greece,2015,Robbery at the national level rate per 100000 population,39.4
300,Greece,2015,Total Sexual Violence at the national level rate per 100000,5.1
308,Grenada,2015,Intentional homicide rates per 100000,5.6
308,Grenada,2015,Percentage of male and female intentional homicide victims Male,7.5
308,Grenada,2015,Percentage of male and female intentional homicide victims Female,3.8
308,Grenada,2015,Assault rate per 100000 population,462.4
308,Grenada,2015,Theft at the national level rate per 100000 population,1948.10
308,Grenada,2015,Robbery at the national level rate per 100000 population,71.1
308,Grenada,2015,Total Sexual Violence at the national level rate per 100000,196.6
320,Guatemala,2015,Intentional homicide rates per 100000,29.4
320,Guatemala,2014,Percentage of male and female intentional homicide victims Male,55.8
320,Guatemala,2014,Percentage of male and female intentional homicide victims Female,7.8
320,Guatemala,2014,Assault rate per 100000 population,37.3
320,Guatemala,2014,Kidnapping at the national level rate per 100000,0.3
320,Guatemala,2012,Theft at the national level rate per 100000 population,59.3
320,Guatemala,2014,Robbery at the national level rate per 100000 population,19.4
320,Guatemala,2012,Total Sexual Violence at the national level rate per 100000,4.3
324,Guinea,2015,Intentional homicide rates per 100000,8.8
324,Guinea,2007,Assault rate per 100000 population,2.9
324,Guinea,2008,Kidnapping at the national level rate per 100000,0.2
324,Guinea,2007,Theft at the national level rate per 100000 population,13.3
324,Guinea,2007,Robbery at the national level rate per 100000 population,1.5
324,Guinea,2007,Total Sexual Violence at the national level rate per 100000,0.3
324,Guinea,2015,Percentage of male and female intentional homicide victims Male,13.8
324,Guinea,2015,Percentage of male and female intentional homicide victims Female,3.8
624,Guinea-Bissau,2015,Intentional homicide rates per 100000,9.5
624,Guinea-Bissau,2015,Percentage of male and female intentional homicide victims Male,10.6
624,Guinea-Bissau,2015,Percentage of male and female intentional homicide victims Female,8.6
328,Guyana,2015,Intentional homicide rates per 100000,19.4
328,Guyana,2015,Percentage of male and female intentional homicide victims Male,31.3
328,Guyana,2015,Percentage of male and female intentional homicide victims Female,7.3
328,Guyana,2015,Total Sexual Violence at the national level rate per 100000,49.5
328,Guyana,2015,Assault rate per 100000 population,1208.30
328,Guyana,2011,Kidnapping at the national level rate per 100000,0.1
328,Guyana,2015,Theft at the national level rate per 100000 population,674.1
328,Guyana,2015,Robbery at the national level rate per 100000 population,190.7
292,Gibraltar,2010,Intentional homicide rates per 100000,3
304,Greenland,2015,Intentional homicide rates per 100000,7.1
312,Guadeloupe,2009,Intentional homicide rates per 100000,8
312,Guadeloupe,2009,Percentage of male and female intentional homicide victims Male,14.5
312,Guadeloupe,2009,Percentage of male and female intentional homicide victims Female,2.3
316,Guam,2011,Intentional homicide rates per 100000,2.5
316,Guam,2011,Percentage of male and female intentional homicide victims Male,3.6
316,Guam,2011,Percentage of male and female intentional homicide victims Female,1.4
332,Haiti,2012,Intentional homicide rates per 100000,10
332,Haiti,2012,Percentage of male and female intentional homicide victims Male,15.7
332,Haiti,2012,Percentage of male and female intentional homicide victims Female,4.5
340,Honduras,2015,Intentional homicide rates per 100000,57.5
340,Honduras,2015,Percentage of male and female intentional homicide victims Male,104.5
340,Honduras,2015,Percentage of male and female intentional homicide victims Female,10.6
340,Honduras,2015,Theft at the national level rate per 100000 population,36.1
340,Honduras,2015,Assault rate per 100000 population,16.4
340,Honduras,2015,Kidnapping at the national level rate per 100000,0.5
340,Honduras,2015,Robbery at the national level rate per 100000 population,127.2
340,Honduras,2015,Total Sexual Violence at the national level rate per 100000,18.4
348,Hungary,2015,Intentional homicide rates per 100000,2.3
348,Hungary,2015,Percentage of male and female intentional homicide victims Male,2.6
348,Hungary,2015,Percentage of male and female intentional homicide victims Female,2
348,Hungary,2014,Assault rate per 100000 population,136.3
348,Hungary,2014,Kidnapping at the national level rate per 100000,0
348,Hungary,2014,Theft at the national level rate per 100000 population,1081.30
348,Hungary,2014,Robbery at the national level rate per 100000 population,19.8
348,Hungary,2014,Total Sexual Violence at the national level rate per 100000,7.8
344,China Hong Kong SAR,2015,Intentional homicide rates per 100000,0.3
344,China Hong Kong SAR,2013,Percentage of male and female intentional homicide victims Male,0.8
344,China Hong Kong SAR,2013,Percentage of male and female intentional homicide victims Female,1
344,China Hong Kong SAR,2013,Assault rate per 100000 population,92.5
344,China Hong Kong SAR,2013,Kidnapping at the national level rate per 100000,0
344,China Hong Kong SAR,2013,Theft at the national level rate per 100000 population,441.1
344,China Hong Kong SAR,2013,Robbery at the national level rate per 100000 population,7
344,China Hong Kong SAR,2013,Total Sexual Violence at the national level rate per 100000,24.9
352,Iceland,2015,Intentional homicide rates per 100000,0.9
352,Iceland,2015,Percentage of male and female intentional homicide victims Male,1.8
352,Iceland,2015,Percentage of male and female intentional homicide victims Female,0
352,Iceland,2015,Theft at the national level rate per 100000 population,1224.00
352,Iceland,2015,Robbery at the national level rate per 100000 population,16.1
352,Iceland,2015,Total Sexual Violence at the national level rate per 100000,108.7
352,Iceland,2015,Assault rate per 100000 population,25.8
356,India,2015,Intentional homicide rates per 100000,3.4
356,India,2015,Percentage of male and female intentional homicide victims Male,4
356,India,2015,Percentage of male and female intentional homicide victims Female,2.7
356,India,2013,Assault rate per 100000 population,26.2
356,India,2013,Kidnapping at the national level rate per 100000,5.1
356,India,2013,Theft at the national level rate per 100000 population,29.1
356,India,2013,Robbery at the national level rate per 100000 population,2.9
356,India,2013,Total Sexual Violence at the national level rate per 100000,9.2
360,Indonesia,2015,Intentional homicide rates per 100000,0.6
360,Indonesia,2015,Assault rate per 100000 population,5.7
360,Indonesia,2015,Kidnapping at the national level rate per 100000,0.2
360,Indonesia,2015,Theft at the national level rate per 100000 population,10.2
360,Indonesia,2015,Robbery at the national level rate per 100000 population,4.6
360,Indonesia,2014,Percentage of male and female intentional homicide victims Male,0.7
360,Indonesia,2014,Percentage of male and female intentional homicide victims Female,0.3
360,Indonesia,2015,Total Sexual Violence at the national level rate per 100000,2
364,Iran (Islamic Republic of),2014,Intentional homicide rates per 100000,2.5
364,Iran (Islamic Republic of),2004,Theft at the national level rate per 100000 population,158.5
364,Iran (Islamic Republic of),2014,Percentage of male and female intentional homicide victims Male,4.3
364,Iran (Islamic Republic of),2014,Percentage of male and female intentional homicide victims Female,0.6
368,Iraq,2013,Intentional homicide rates per 100000,9.9
368,Iraq,2013,Percentage of male and female intentional homicide victims Male,16.3
368,Iraq,2013,Percentage of male and female intentional homicide victims Female,3.2
368,Iraq,2014,Assault rate per 100000 population,83.2
368,Iraq,2014,Kidnapping at the national level rate per 100000,3.7
368,Iraq,2014,Theft at the national level rate per 100000 population,34.8
372,Ireland,2015,Intentional homicide rates per 100000,0.6
372,Ireland,2013,Percentage of male and female intentional homicide victims Male,1.9
372,Ireland,2013,Percentage of male and female intentional homicide victims Female,0.3
372,Ireland,2015,Assault rate per 100000 population,317.4
372,Ireland,2015,Kidnapping at the national level rate per 100000,3.3
372,Ireland,2015,Theft at the national level rate per 100000 population,1481.60
372,Ireland,2015,Robbery at the national level rate per 100000 population,54.9
372,Ireland,2015,Total Sexual Violence at the national level rate per 100000,50.2
376,Israel,2015,Intentional homicide rates per 100000,1.4
376,Israel,2014,Percentage of male and female intentional homicide victims Male,2.4
376,Israel,2014,Percentage of male and female intentional homicide victims Female,0.6
376,Israel,2011,Assault rate per 100000 population,569.4
376,Israel,2011,Kidnapping at the national level rate per 100000,3.5
376,Israel,2011,Theft at the national level rate per 100000 population,936.2
376,Israel,2011,Robbery at the national level rate per 100000 population,36.3
376,Israel,2011,Total Sexual Violence at the national level rate per 100000,60.5
380,Italy,2015,Intentional homicide rates per 100000,0.8
380,Italy,2015,Percentage of male and female intentional homicide victims Male,1.2
380,Italy,2015,Percentage of male and female intentional homicide victims Female,0.4
380,Italy,2015,Assault rate per 100000 population,107.1
380,Italy,2015,Kidnapping at the national level rate per 100000,0.5
380,Italy,2015,Theft at the national level rate per 100000 population,1748.20
380,Italy,2015,Robbery at the national level rate per 100000 population,58.6
380,Italy,2015,Total Sexual Violence at the national level rate per 100000,6.7
833,Isle of Man,2015,Intentional homicide rates per 100000,1.2
388,Jamaica,2015,Intentional homicide rates per 100000,42.1
388,Jamaica,2015,Percentage of male and female intentional homicide victims Male,76.4
388,Jamaica,2015,Percentage of male and female intentional homicide victims Female,8
388,Jamaica,2015,Kidnapping at the national level rate per 100000,0.5
388,Jamaica,2015,Total Sexual Violence at the national level rate per 100000,79.2
388,Jamaica,2015,Robbery at the national level rate per 100000 population,68.3
388,Jamaica,2013,Assault rate per 100000 population,178
388,Jamaica,2013,Theft at the national level rate per 100000 population,75.4
392,Japan,2015,Intentional homicide rates per 100000,0.3
392,Japan,2015,Percentage of male and female intentional homicide victims Male,0.2
392,Japan,2015,Percentage of male and female intentional homicide victims Female,0.3
392,Japan,2014,Assault rate per 100000 population,21
392,Japan,2014,Kidnapping at the national level rate per 100000,0.2
392,Japan,2014,Theft at the national level rate per 100000 population,356.2
392,Japan,2014,Robbery at the national level rate per 100000 population,2.4
392,Japan,2014,Total Sexual Violence at the national level rate per 100000,6.8
400,Jordan,2015,Intentional homicide rates per 100000,1.7
400,Jordan,2006,Assault rate per 100000 population,283.8
400,Jordan,2006,Kidnapping at the national level rate per 100000,0.6
400,Jordan,2012,Theft at the national level rate per 100000 population,193.1
400,Jordan,2006,Robbery at the national level rate per 100000 population,14.5
400,Jordan,2012,Percentage of male and female intentional homicide victims Male,3.3
400,Jordan,2012,Percentage of male and female intentional homicide victims Female,0.6
398,Kazakhstan,2015,Intentional homicide rates per 100000,4.8
398,Kazakhstan,2015,Kidnapping at the national level rate per 100000,0.5
398,Kazakhstan,2015,Theft at the national level rate per 100000 population,1185.30
398,Kazakhstan,2015,Robbery at the national level rate per 100000 population,69.2
398,Kazakhstan,2015,Percentage of male and female intentional homicide victims Male,7
398,Kazakhstan,2015,Percentage of male and female intentional homicide victims Female,2.7
398,Kazakhstan,2015,Assault rate per 100000 population,5.1
398,Kazakhstan,2015,Total Sexual Violence at the national level rate per 100000,2.7
404,Kenya,2015,Intentional homicide rates per 100000,4.8
404,Kenya,2015,Assault rate per 100000 population,32.4
404,Kenya,2015,Kidnapping at the national level rate per 100000,0.2
404,Kenya,2015,Theft at the national level rate per 100000 population,20.7
404,Kenya,2015,Robbery at the national level rate per 100000 population,6.2
404,Kenya,2015,Total Sexual Violence at the national level rate per 100000,13.4
404,Kenya,2015,Percentage of male and female intentional homicide victims Male,7
404,Kenya,2015,Percentage of male and female intentional homicide victims Female,2.6
296,Kiribati,2012,Intentional homicide rates per 100000,7.5
296,Kiribati,2012,Percentage of male and female intentional homicide victims Male,12.2
296,Kiribati,2012,Percentage of male and female intentional homicide victims Female,2.9
414,Kuwait,2012,Intentional homicide rates per 100000,1.8
414,Kuwait,2012,Percentage of male and female intentional homicide victims Male,2.6
414,Kuwait,2012,Percentage of male and female intentional homicide victims Female,0.7
414,Kuwait,2009,Assault rate per 100000 population,23.8
414,Kuwait,2009,Kidnapping at the national level rate per 100000,12.4
414,Kuwait,2009,Theft at the national level rate per 100000 population,282.1
414,Kuwait,2009,Robbery at the national level rate per 100000 population,22.8
414,Kuwait,2009,Total Sexual Violence at the national level rate per 100000,17.7
417,Kyrgyzstan,2015,Intentional homicide rates per 100000,5.2
417,Kyrgyzstan,2009,Percentage of male and female intentional homicide victims Male,10.9
417,Kyrgyzstan,2009,Percentage of male and female intentional homicide victims Female,4.9
417,Kyrgyzstan,2015,Assault rate per 100000 population,6
417,Kyrgyzstan,2015,Kidnapping at the national level rate per 100000,0.9
417,Kyrgyzstan,2015,Theft at the national level rate per 100000 population,166.6
417,Kyrgyzstan,2013,Robbery at the national level rate per 100000 population,28.1
417,Kyrgyzstan,2015,Total Sexual Violence at the national level rate per 100000,1.3
418,Lao People's Dem. Rep.,2015,Intentional homicide rates per 100000,7
418,Lao People's Dem. Rep.,2015,Percentage of male and female intentional homicide victims Male,10.8
418,Lao People's Dem. Rep.,2015,Percentage of male and female intentional homicide victims Female,3.2
428,Latvia,2015,Intentional homicide rates per 100000,3.4
428,Latvia,2015,Assault rate per 100000 population,27.1
428,Latvia,2015,Kidnapping at the national level rate per 100000,0.9
428,Latvia,2015,Theft at the national level rate per 100000 population,983.9
428,Latvia,2015,Robbery at the national level rate per 100000 population,39.5
428,Latvia,2015,Total Sexual Violence at the national level rate per 100000,23.7
428,Latvia,2015,Percentage of male and female intentional homicide victims Male,4.1
428,Latvia,2015,Percentage of male and female intentional homicide victims Female,2.7
422,Lebanon,2015,Intentional homicide rates per 100000,3.9
422,Lebanon,2015,Assault rate per 100000 population,132.8
422,Lebanon,2015,Kidnapping at the national level rate per 100000,16.9
422,Lebanon,2015,Theft at the national level rate per 100000 population,427.8
422,Lebanon,2015,Robbery at the national level rate per 100000 population,39.8
422,Lebanon,2015,Total Sexual Violence at the national level rate per 100000,3.5
422,Lebanon,2015,Percentage of male and female intentional homicide victims Male,6.6
422,Lebanon,2015,Percentage of male and female intentional homicide victims Female,1.2
426,Lesotho,2015,Intentional homicide rates per 100000,41.2
426,Lesotho,2009,Assault rate per 100000 population,368.4
426,Lesotho,2009,Kidnapping at the national level rate per 100000,3.1
426,Lesotho,2009,Theft at the national level rate per 100000 population,225.9
426,Lesotho,2009,Robbery at the national level rate per 100000 population,63.8
426,Lesotho,2015,Percentage of male and female intentional homicide victims Male,75.6
426,Lesotho,2015,Percentage of male and female intentional homicide victims Female,8.9
430,Liberia,2012,Intentional homicide rates per 100000,3.2
430,Liberia,2012,Percentage of male and female intentional homicide victims Male,5.1
430,Liberia,2012,Percentage of male and female intentional homicide victims Female,1.4
434,Libya,2015,Intentional homicide rates per 100000,2.5
434,Libya,2015,Percentage of male and female intentional homicide victims Male,4
434,Libya,2015,Percentage of male and female intentional homicide victims Female,1
438,Liechtenstein,2015,Intentional homicide rates per 100000,0
438,Liechtenstein,2015,Assault rate per 100000 population,327.7
438,Liechtenstein,2015,Theft at the national level rate per 100000 population,514.2
438,Liechtenstein,2015,Robbery at the national level rate per 100000 population,8
438,Liechtenstein,2015,Total Sexual Violence at the national level rate per 100000,24
440,Lithuania,2015,Intentional homicide rates per 100000,5.9
440,Lithuania,2015,Percentage of male and female intentional homicide victims Male,9.1
440,Lithuania,2015,Percentage of male and female intentional homicide victims Female,3.1
440,Lithuania,2015,Assault rate per 100000 population,7.4
440,Lithuania,2015,Kidnapping at the national level rate per 100000,1.7
440,Lithuania,2015,Theft at the national level rate per 100000 population,699
440,Lithuania,2015,Robbery at the national level rate per 100000 population,55.2
440,Lithuania,2015,Total Sexual Violence at the national level rate per 100000,13
442,Luxembourg,2014,Intentional homicide rates per 100000,0.7
442,Luxembourg,2014,Percentage of male and female intentional homicide victims Male,0.7
442,Luxembourg,2014,Percentage of male and female intentional homicide victims Female,0.7
442,Luxembourg,2014,Assault rate per 100000 population,572.6
442,Luxembourg,2014,Kidnapping at the national level rate per 100000,9.3
442,Luxembourg,2014,Theft at the national level rate per 100000 population,1843.20
442,Luxembourg,2014,Robbery at the national level rate per 100000 population,110.5
442,Luxembourg,2014,Total Sexual Violence at the national level rate per 100000,51.4
807,TFYR of Macedonia,2014,Intentional homicide rates per 100000,1.6
807,TFYR of Macedonia,2014,Percentage of male and female intentional homicide victims Male,2.2
807,TFYR of Macedonia,2014,Percentage of male and female intentional homicide victims Female,1
807,TFYR of Macedonia,2014,Kidnapping at the national level rate per 100000,0.4
807,TFYR of Macedonia,2014,Robbery at the national level rate per 100000 population,14.7
807,TFYR of Macedonia,2014,Assault rate per 100000 population,10.4
807,TFYR of Macedonia,2014,Theft at the national level rate per 100000 population,240.1
807,TFYR of Macedonia,2014,Total Sexual Violence at the national level rate per 100000,6.5
450,Madagascar,2015,Intentional homicide rates per 100000,7.7
450,Madagascar,2015,Assault rate per 100000 population,9
450,Madagascar,2015,Theft at the national level rate per 100000 population,0.9
450,Madagascar,2015,Robbery at the national level rate per 100000 population,7.2
450,Madagascar,2015,Total Sexual Violence at the national level rate per 100000,4.6
450,Madagascar,2015,Percentage of male and female intentional homicide victims Male,12.1
450,Madagascar,2015,Percentage of male and female intentional homicide victims Female,3.3
450,Madagascar,2015,Kidnapping at the national level rate per 100000,0.1
454,Malawi,2012,Intentional homicide rates per 100000,1.7
454,Malawi,2012,Percentage of male and female intentional homicide victims Male,2.7
454,Malawi,2012,Percentage of male and female intentional homicide victims Female,0.8
458,Malaysia,2013,Intentional homicide rates per 100000,2.1
458,Malaysia,2006,Assault rate per 100000 population,21.8
458,Malaysia,2006,Theft at the national level rate per 100000 population,141.4
458,Malaysia,2006,Robbery at the national level rate per 100000 population,81.6
458,Malaysia,2010,Percentage of male and female intentional homicide victims Male,3
458,Malaysia,2010,Percentage of male and female intentional homicide victims Female,0.7
462,Maldives,2013,Intentional homicide rates per 100000,0.8
462,Maldives,2013,Robbery at the national level rate per 100000 population,207.6
462,Maldives,2013,Kidnapping at the national level rate per 100000,2.3
462,Maldives,2013,Assault rate per 100000 population,367.1
462,Maldives,2013,Theft at the national level rate per 100000 population,1903.40
462,Maldives,2013,Total Sexual Violence at the national level rate per 100000,163.2
462,Maldives,2013,Percentage of male and female intentional homicide victims Male,1.1
462,Maldives,2013,Percentage of male and female intentional homicide victims Female,0.3
466,Mali,2015,Intentional homicide rates per 100000,10.9
466,Mali,2015,Percentage of male and female intentional homicide victims Male,16.7
466,Mali,2015,Percentage of male and female intentional homicide victims Female,5.1
470,Malta,2015,Intentional homicide rates per 100000,0.9
470,Malta,2015,Percentage of male and female intentional homicide victims Male,0.9
470,Malta,2015,Percentage of male and female intentional homicide victims Female,0.9
470,Malta,2015,Theft at the national level rate per 100000 population,2066.80
470,Malta,2015,Robbery at the national level rate per 100000 population,57.8
470,Malta,2015,Assault rate per 100000 population,43.7
470,Malta,2015,Total Sexual Violence at the national level rate per 100000,24.8
478,Mauritania,2015,Intentional homicide rates per 100000,9.9
478,Mauritania,2015,Percentage of male and female intentional homicide victims Male,14.6
478,Mauritania,2015,Percentage of male and female intentional homicide victims Female,5.2
480,Mauritius,2015,Intentional homicide rates per 100000,1.7
480,Mauritius,2015,Percentage of male and female intentional homicide victims Male,2.4
480,Mauritius,2015,Percentage of male and female intentional homicide victims Female,0.9
480,Mauritius,2011,Assault rate per 100000 population,18.4
480,Mauritius,2011,Theft at the national level rate per 100000 population,729.9
480,Mauritius,2011,Robbery at the national level rate per 100000 population,65
480,Mauritius,2011,Total Sexual Violence at the national level rate per 100000,37.2
480,Mauritius,2011,Kidnapping at the national level rate per 100000,4
484,Mexico,2015,Intentional homicide rates per 100000,16.5
484,Mexico,2015,Percentage of male and female intentional homicide victims Male,29.3
484,Mexico,2015,Percentage of male and female intentional homicide victims Female,3.8
484,Mexico,2015,Assault rate per 100000 population,35.8
484,Mexico,2015,Kidnapping at the national level rate per 100000,0.9
484,Mexico,2015,Theft at the national level rate per 100000 population,114.2
484,Mexico,2015,Robbery at the national level rate per 100000 population,129.2
484,Mexico,2015,Total Sexual Violence at the national level rate per 100000,31.8
498,Republic of Moldova,2014,Intentional homicide rates per 100000,3.2
498,Republic of Moldova,2014,Percentage of male and female intentional homicide victims Male,4.2
498,Republic of Moldova,2014,Percentage of male and female intentional homicide victims Female,2.3
498,Republic of Moldova,2014,Assault rate per 100000 population,7.9
498,Republic of Moldova,2014,Kidnapping at the national level rate per 100000,2.2
498,Republic of Moldova,2014,Theft at the national level rate per 100000 population,410.8
498,Republic of Moldova,2014,Robbery at the national level rate per 100000 population,3.1
498,Republic of Moldova,2014,Total Sexual Violence at the national level rate per 100000,15.9
492,Monaco,2015,Intentional homicide rates per 100000,0
492,Monaco,2006,Assault rate per 100000 population,407.2
492,Monaco,2006,Theft at the national level rate per 100000 population,1006.30
492,Monaco,2006,Robbery at the national level rate per 100000 population,11.6
492,Monaco,2006,Kidnapping at the national level rate per 100000,5.8
496,Mongolia,2015,Intentional homicide rates per 100000,6.2
496,Mongolia,2015,Assault rate per 100000 population,272.5
496,Mongolia,2013,Kidnapping at the national level rate per 100000,0.1
496,Mongolia,2015,Theft at the national level rate per 100000 population,309.9
496,Mongolia,2015,Robbery at the national level rate per 100000 population,18.2
496,Mongolia,2015,Total Sexual Violence at the national level rate per 100000,12.1
496,Mongolia,2015,Percentage of male and female intentional homicide victims Male,9.6
496,Mongolia,2015,Percentage of male and female intentional homicide victims Female,2.9
499,Montenegro,2015,Intentional homicide rates per 100000,2.7
499,Montenegro,2015,Assault rate per 100000 population,22.4
499,Montenegro,2015,Theft at the national level rate per 100000 population,132.2
499,Montenegro,2015,Robbery at the national level rate per 100000 population,24.9
499,Montenegro,2015,Total Sexual Violence at the national level rate per 100000,4.2
499,Montenegro,2015,Percentage of male and female intentional homicide victims Male,4.5
499,Montenegro,2015,Percentage of male and female intentional homicide victims Female,0.9
499,Montenegro,2013,Kidnapping at the national level rate per 100000,0.2
504,Morocco,2015,Intentional homicide rates per 100000,1.2
504,Morocco,2013,Assault rate per 100000 population,202.6
504,Morocco,2013,Kidnapping at the national level rate per 100000,2.9
504,Morocco,2013,Theft at the national level rate per 100000 population,322.3
504,Morocco,2013,Robbery at the national level rate per 100000 population,44.4
504,Morocco,2013,Total Sexual Violence at the national level rate per 100000,12.9
504,Morocco,2015,Percentage of male and female intentional homicide victims Male,1.9
504,Morocco,2015,Percentage of male and female intentional homicide victims Female,0.6
508,Mozambique,2011,Intentional homicide rates per 100000,3.4
508,Mozambique,2009,Assault rate per 100000 population,2.2
508,Mozambique,2009,Theft at the national level rate per 100000 population,20.1
508,Mozambique,2009,Robbery at the national level rate per 100000 population,22.3
508,Mozambique,2009,Total Sexual Violence at the national level rate per 100000,2.6
508,Mozambique,2011,Percentage of male and female intentional homicide victims Male,5.8
508,Mozambique,2011,Percentage of male and female intentional homicide victims Female,1.1
446,China Macao SAR,2015,Intentional homicide rates per 100000,0.2
446,China Macao SAR,2015,Percentage of male and female intentional homicide victims Male,0
446,China Macao SAR,2015,Percentage of male and female intentional homicide victims Female,0.3
446,China Macao SAR,2015,Assault rate per 100000 population,275.7
446,China Macao SAR,2013,Kidnapping at the national level rate per 100000,0.2
446,China Macao SAR,2015,Theft at the national level rate per 100000 population,450.5
446,China Macao SAR,2015,Robbery at the national level rate per 100000 population,19.2
446,China Macao SAR,2015,Total Sexual Violence at the national level rate per 100000,9.7
474,Martinique,2009,Intentional homicide rates per 100000,2.8
474,Martinique,2009,Percentage of male and female intentional homicide victims Male,4.4
474,Martinique,2009,Percentage of male and female intentional homicide victims Female,1.4
175,Mayotte,2009,Intentional homicide rates per 100000,5.9
500,Montserrat,2012,Intentional homicide rates per 100000,19.9
516,Namibia,2012,Intentional homicide rates per 100000,17.1
516,Namibia,2012,Percentage of male and female intentional homicide victims Male,31.7
516,Namibia,2012,Percentage of male and female intentional homicide victims Female,3.5
520,Nauru,2012,Intentional homicide rates per 100000,0
524,Nepal,2014,Intentional homicide rates per 100000,2
524,Nepal,2006,Assault rate per 100000 population,4.1
524,Nepal,2006,Kidnapping at the national level rate per 100000,1
524,Nepal,2006,Theft at the national level rate per 100000 population,2.1
524,Nepal,2006,Robbery at the national level rate per 100000 population,0.6
524,Nepal,2014,Percentage of male and female intentional homicide victims Male,3.1
524,Nepal,2014,Percentage of male and female intentional homicide victims Female,0.9
528,Netherlands,2015,Intentional homicide rates per 100000,0.6
528,Netherlands,2015,Percentage of male and female intentional homicide victims Male,0.7
528,Netherlands,2015,Percentage of male and female intentional homicide victims Female,0.5
528,Netherlands,2015,Assault rate per 100000 population,281.8
528,Netherlands,2015,Kidnapping at the national level rate per 100000,2.5
528,Netherlands,2015,Theft at the national level rate per 100000 population,3214.80
528,Netherlands,2015,Robbery at the national level rate per 100000 population,56.8
528,Netherlands,2015,Total Sexual Violence at the national level rate per 100000,43.5
554,New Zealand,2014,Intentional homicide rates per 100000,1
554,New Zealand,2014,Percentage of male and female intentional homicide victims Male,1.4
554,New Zealand,2014,Percentage of male and female intentional homicide victims Female,0.6
554,New Zealand,2014,Assault rate per 100000 population,220.2
554,New Zealand,2014,Kidnapping at the national level rate per 100000,5.2
554,New Zealand,2013,Theft at the national level rate per 100000 population,2280.10
554,New Zealand,2014,Robbery at the national level rate per 100000 population,44.9
554,New Zealand,2014,Total Sexual Violence at the national level rate per 100000,83.2
558,Nicaragua,2015,Intentional homicide rates per 100000,8.6
558,Nicaragua,2010,Assault rate per 100000 population,319.7
558,Nicaragua,2010,Kidnapping at the national level rate per 100000,0.1
558,Nicaragua,2010,Theft at the national level rate per 100000 population,182.2
558,Nicaragua,2010,Robbery at the national level rate per 100000 population,495.5
558,Nicaragua,2015,Percentage of male and female intentional homicide victims Male,15.3
558,Nicaragua,2015,Percentage of male and female intentional homicide victims Female,2.1
558,Nicaragua,2010,Total Sexual Violence at the national level rate per 100000,63.2
562,Niger,2012,Intentional homicide rates per 100000,4.4
562,Niger,2012,Percentage of male and female intentional homicide victims Male,6.9
562,Niger,2012,Percentage of male and female intentional homicide victims Female,2
566,Nigeria,2015,Intentional homicide rates per 100000,9.8
566,Nigeria,2013,Assault rate per 100000 population,9.5
566,Nigeria,2013,Kidnapping at the national level rate per 100000,0.3
566,Nigeria,2013,Theft at the national level rate per 100000 population,13.9
566,Nigeria,2013,Robbery at the national level rate per 100000 population,1.1
566,Nigeria,2013,Total Sexual Violence at the national level rate per 100000,1
566,Nigeria,2015,Percentage of male and female intentional homicide victims Male,14.6
566,Nigeria,2015,Percentage of male and female intentional homicide victims Female,5
408,Dem. People's Rep. Korea,2015,Intentional homicide rates per 100000,4.4
578,Norway,2015,Intentional homicide rates per 100000,0.5
578,Norway,2015,Percentage of male and female intentional homicide victims Male,0.4
578,Norway,2015,Percentage of male and female intentional homicide victims Female,0.5
578,Norway,2014,Assault rate per 100000 population,46.2
578,Norway,2014,Theft at the national level rate per 100000 population,2193.70
578,Norway,2014,Robbery at the national level rate per 100000 population,20.7
578,Norway,2014,Total Sexual Violence at the national level rate per 100000,51.6
540,New Caledonia,2009,Intentional homicide rates per 100000,3.2
570,Niue,2012,Intentional homicide rates per 100000,0
512,Oman,2014,Intentional homicide rates per 100000,0.7
512,Oman,2008,Assault rate per 100000 population,78.5
512,Oman,2008,Kidnapping at the national level rate per 100000,0.3
512,Oman,2008,Theft at the national level rate per 100000 population,207.9
512,Oman,2008,Robbery at the national level rate per 100000 population,9.6
512,Oman,2008,Total Sexual Violence at the national level rate per 100000,6.9
512,Oman,2014,Percentage of male and female intentional homicide victims Male,0.8
512,Oman,2014,Percentage of male and female intentional homicide victims Female,0.4
586,Pakistan,2015,Intentional homicide rates per 100000,5
586,Pakistan,2015,Percentage of male and female intentional homicide victims Male,7.5
586,Pakistan,2015,Percentage of male and female intentional homicide victims Female,2.3
585,Palau,2012,Intentional homicide rates per 100000,3.1
591,Panama,2015,Intentional homicide rates per 100000,11.3
591,Panama,2015,Percentage of male and female intentional homicide victims Male,20
591,Panama,2015,Percentage of male and female intentional homicide victims Female,2.5
591,Panama,2015,Kidnapping at the national level rate per 100000,0.4
591,Panama,2015,Theft at the national level rate per 100000 population,480.4
591,Panama,2015,Robbery at the national level rate per 100000 population,207.9
591,Panama,2015,Total Sexual Violence at the national level rate per 100000,80.2
591,Panama,2015,Assault rate per 100000 population,72.4
598,Papua New Guinea,2007,Intentional homicide rates per 100000,7.8
598,Papua New Guinea,2007,Percentage of male and female intentional homicide victims Male,11.9
598,Papua New Guinea,2007,Percentage of male and female intentional homicide victims Female,3.6
600,Paraguay,2015,Intentional homicide rates per 100000,9.3
600,Paraguay,2015,Assault rate per 100000 population,10.3
600,Paraguay,2015,Kidnapping at the national level rate per 100000,0
600,Paraguay,2015,Percentage of male and female intentional homicide victims Male,16.6
600,Paraguay,2015,Percentage of male and female intentional homicide victims Female,1.7
600,Paraguay,2015,Theft at the national level rate per 100000 population,572.7
600,Paraguay,2015,Robbery at the national level rate per 100000 population,317.2
600,Paraguay,2015,Total Sexual Violence at the national level rate per 100000,74.8
604,Peru,2015,Assault rate per 100000 population,79
604,Peru,2015,Kidnapping at the national level rate per 100000,0.7
604,Peru,2015,Theft at the national level rate per 100000 population,301.1
604,Peru,2015,Robbery at the national level rate per 100000 population,264.4
604,Peru,2015,Total Sexual Violence at the national level rate per 100000,18.2
604,Peru,2015,Intentional homicide rates per 100000,7.2
604,Peru,2015,Percentage of male and female intentional homicide victims Male,11.7
604,Peru,2015,Percentage of male and female intentional homicide victims Female,2.6
608,Philippines,2015,Intentional homicide rates per 100000,9.5
608,Philippines,2012,Kidnapping at the national level rate per 100000,0
608,Philippines,2014,Theft at the national level rate per 100000 population,113.8
608,Philippines,2014,Robbery at the national level rate per 100000 population,44.1
608,Philippines,2012,Percentage of male and female intentional homicide victims Male,15.1
608,Philippines,2012,Percentage of male and female intentional homicide victims Female,2.3
608,Philippines,2012,Total Sexual Violence at the national level rate per 100000,1.9
616,Poland,2015,Intentional homicide rates per 100000,0.8
616,Poland,2014,Percentage of male and female intentional homicide victims Male,1.1
616,Poland,2014,Percentage of male and female intentional homicide victims Female,0.4
616,Poland,2015,Kidnapping at the national level rate per 100000,0.6
616,Poland,2015,Theft at the national level rate per 100000 population,357.8
616,Poland,2015,Robbery at the national level rate per 100000 population,21.1
616,Poland,2015,Assault rate per 100000 population,14.3
616,Poland,2015,Total Sexual Violence at the national level rate per 100000,7.8
620,Portugal,2015,Intentional homicide rates per 100000,1
620,Portugal,2014,Percentage of male and female intentional homicide victims Male,0.9
620,Portugal,2014,Percentage of male and female intentional homicide victims Female,0.9
620,Portugal,2015,Assault rate per 100000 population,4.5
620,Portugal,2015,Kidnapping at the national level rate per 100000,3.6
620,Portugal,2015,Theft at the national level rate per 100000 population,835
620,Portugal,2015,Robbery at the national level rate per 100000 population,149.5
620,Portugal,2015,Total Sexual Violence at the national level rate per 100000,23.6
630,Puerto Rico,2015,Intentional homicide rates per 100000,16.8
630,Puerto Rico,2015,Percentage of male and female intentional homicide victims Male,33.1
630,Puerto Rico,2015,Percentage of male and female intentional homicide victims Female,1.8
630,Puerto Rico,2015,Assault rate per 100000 population,76.3
630,Puerto Rico,2015,Theft at the national level rate per 100000 population,665
630,Puerto Rico,2015,Robbery at the national level rate per 100000 population,110.5
634,Qatar,2014,Intentional homicide rates per 100000,0.4
634,Qatar,2014,Percentage of male and female intentional homicide victims Male,0.4
634,Qatar,2014,Percentage of male and female intentional homicide victims Female,0.3
634,Qatar,2004,Assault rate per 100000 population,40.7
634,Qatar,2004,Kidnapping at the national level rate per 100000,0.8
634,Qatar,2006,Theft at the national level rate per 100000 population,105.5
634,Qatar,2004,Robbery at the national level rate per 100000 population,2.9
642,Romania,2015,Intentional homicide rates per 100000,1.5
642,Romania,2015,Percentage of male and female intentional homicide victims Male,2
642,Romania,2015,Percentage of male and female intentional homicide victims Female,1
642,Romania,2015,Assault rate per 100000 population,1.5
642,Romania,2015,Kidnapping at the national level rate per 100000,1.5
642,Romania,2015,Theft at the national level rate per 100000 population,555.8
642,Romania,2015,Robbery at the national level rate per 100000 population,17.2
642,Romania,2015,Total Sexual Violence at the national level rate per 100000,8.9
643,Russian Federation,2015,Intentional homicide rates per 100000,11.5
643,Russian Federation,2009,Percentage of male and female intentional homicide victims Male,24.1
643,Russian Federation,2009,Percentage of male and female intentional homicide victims Female,7
643,Russian Federation,2015,Assault rate per 100000 population,16.6
643,Russian Federation,2015,Kidnapping at the national level rate per 100000,0.2
643,Russian Federation,2015,Theft at the national level rate per 100000 population,709.9
643,Russian Federation,2015,Robbery at the national level rate per 100000 population,50.7
643,Russian Federation,2015,Total Sexual Violence at the national level rate per 100000,11.3
646,Rwanda,2015,Intentional homicide rates per 100000,2.5
646,Rwanda,2013,Assault rate per 100000 population,29.8
646,Rwanda,2013,Kidnapping at the national level rate per 100000,0.2
646,Rwanda,2013,Robbery at the national level rate per 100000 population,25
646,Rwanda,2013,Total Sexual Violence at the national level rate per 100000,15.7
646,Rwanda,2015,Percentage of male and female intentional homicide victims Male,4
646,Rwanda,2015,Percentage of male and female intentional homicide victims Female,1.1
638,RÈunion,2009,Intentional homicide rates per 100000,1.8
638,RÈunion,2009,Percentage of male and female intentional homicide victims Male,2.3
638,RÈunion,2009,Percentage of male and female intentional homicide victims Female,1.4
659,Saint Kitts and Nevis,2012,Intentional homicide rates per 100000,34.2
659,Saint Kitts and Nevis,2011,Assault rate per 100000 population,258.5
659,Saint Kitts and Nevis,2011,Kidnapping at the national level rate per 100000,5.7
659,Saint Kitts and Nevis,2011,Theft at the national level rate per 100000 population,926.5
659,Saint Kitts and Nevis,2011,Robbery at the national level rate per 100000 population,124.5
659,Saint Kitts and Nevis,2011,Total Sexual Violence at the national level rate per 100000,120.8
662,Saint Lucia,2014,Intentional homicide rates per 100000,19.3
662,Saint Lucia,2014,Percentage of male and female intentional homicide victims Male,39.3
662,Saint Lucia,2014,Percentage of male and female intentional homicide victims Female,0
670,Saint Vincent & Grenadines,2012,Intentional homicide rates per 100000,25.6
670,Saint Vincent & Grenadines,2010,Percentage of male and female intentional homicide victims Male,39.9
670,Saint Vincent & Grenadines,2010,Percentage of male and female intentional homicide victims Female,5.5
670,Saint Vincent & Grenadines,2012,Assault rate per 100000 population,1017.10
670,Saint Vincent & Grenadines,2012,Kidnapping at the national level rate per 100000,3.7
670,Saint Vincent & Grenadines,2012,Theft at the national level rate per 100000 population,1923.50
670,Saint Vincent & Grenadines,2013,Robbery at the national level rate per 100000 population,136.3
670,Saint Vincent & Grenadines,2013,Total Sexual Violence at the national level rate per 100000,209.5
882,Samoa,2013,Intentional homicide rates per 100000,3.1
882,Samoa,2013,Percentage of male and female intentional homicide victims Male,4.8
882,Samoa,2013,Percentage of male and female intentional homicide victims Female,1.4
674,San Marino,2011,Intentional homicide rates per 100000,0
678,Sao Tome and Principe,2011,Assault rate per 100000 population,2.3
678,Sao Tome and Principe,2011,Intentional homicide rates per 100000,3.4
678,Sao Tome and Principe,2011,Theft at the national level rate per 100000 population,11.5
678,Sao Tome and Principe,2011,Robbery at the national level rate per 100000 population,0.6
678,Sao Tome and Principe,2011,Percentage of male and female intentional homicide victims Male,5.2
678,Sao Tome and Principe,2011,Percentage of male and female intentional homicide victims Female,1.5
682,Saudi Arabia,2015,Intentional homicide rates per 100000,1.5
682,Saudi Arabia,2015,Percentage of male and female intentional homicide victims Male,1.8
682,Saudi Arabia,2015,Percentage of male and female intentional homicide victims Female,1.1
682,Saudi Arabia,2015,Assault rate per 100000 population,1.4
682,Saudi Arabia,2015,Robbery at the national level rate per 100000 population,0.3
682,Saudi Arabia,2015,Total Sexual Violence at the national level rate per 100000,0.1
686,Senegal,2015,Intentional homicide rates per 100000,7.4
686,Senegal,2010,Assault rate per 100000 population,2.4
686,Senegal,2015,Robbery at the national level rate per 100000 population,16.5
686,Senegal,2015,Theft at the national level rate per 100000 population,16.5
686,Senegal,2015,Percentage of male and female intentional homicide victims Male,12.3
686,Senegal,2015,Percentage of male and female intentional homicide victims Female,2.7
686,Senegal,2015,Kidnapping at the national level rate per 100000,0
686,Senegal,2015,Total Sexual Violence at the national level rate per 100000,1.7
688,Serbia,2015,Intentional homicide rates per 100000,1.2
688,Serbia,2015,Percentage of male and female intentional homicide victims Male,1.7
688,Serbia,2015,Percentage of male and female intentional homicide victims Female,0.7
688,Serbia,2015,Assault rate per 100000 population,12.9
688,Serbia,2015,Kidnapping at the national level rate per 100000,0.2
688,Serbia,2015,Theft at the national level rate per 100000 population,255.4
688,Serbia,2015,Robbery at the national level rate per 100000 population,34.2
688,Serbia,2015,Total Sexual Violence at the national level rate per 100000,3.8
690,Seychelles,2015,Intentional homicide rates per 100000,7.5
690,Seychelles,2014,Percentage of male and female intentional homicide victims Male,29.1
690,Seychelles,2014,Percentage of male and female intentional homicide victims Female,5.3
694,Sierra Leone,2015,Intentional homicide rates per 100000,1.7
694,Sierra Leone,2008,Assault rate per 100000 population,359.9
694,Sierra Leone,2008,Theft at the national level rate per 100000 population,190.2
694,Sierra Leone,2008,Robbery at the national level rate per 100000 population,3.3
694,Sierra Leone,2008,Total Sexual Violence at the national level rate per 100000,11.3
694,Sierra Leone,2015,Percentage of male and female intentional homicide victims Male,2.7
694,Sierra Leone,2015,Percentage of male and female intentional homicide victims Female,0.8
702,Singapore,2015,Intentional homicide rates per 100000,0.3
702,Singapore,2015,Assault rate per 100000 population,8.4
702,Singapore,2006,Kidnapping at the national level rate per 100000,0
702,Singapore,2015,Theft at the national level rate per 100000 population,266
702,Singapore,2015,Robbery at the national level rate per 100000 population,2.2
702,Singapore,2015,Percentage of male and female intentional homicide victims Male,0.4
702,Singapore,2015,Percentage of male and female intentional homicide victims Female,0.1
702,Singapore,2015,Total Sexual Violence at the national level rate per 100000,26
703,Slovakia,2015,Intentional homicide rates per 100000,0.8
703,Slovakia,2015,Percentage of male and female intentional homicide victims Male,1.1
703,Slovakia,2015,Percentage of male and female intentional homicide victims Female,0.5
703,Slovakia,2015,Assault rate per 100000 population,35
703,Slovakia,2015,Kidnapping at the national level rate per 100000,0
703,Slovakia,2015,Theft at the national level rate per 100000 population,444
703,Slovakia,2015,Robbery at the national level rate per 100000 population,9.9
703,Slovakia,2015,Total Sexual Violence at the national level rate per 100000,3
705,Slovenia,2015,Intentional homicide rates per 100000,1
705,Slovenia,2015,Percentage of male and female intentional homicide victims Male,0.9
705,Slovenia,2015,Percentage of male and female intentional homicide victims Female,1.1
705,Slovenia,2015,Assault rate per 100000 population,74.5
705,Slovenia,2015,Kidnapping at the national level rate per 100000,0.2
705,Slovenia,2015,Theft at the national level rate per 100000 population,1102.70
705,Slovenia,2015,Robbery at the national level rate per 100000 population,11.2
705,Slovenia,2015,Total Sexual Violence at the national level rate per 100000,7.4
90,Solomon Islands,2008,Intentional homicide rates per 100000,3.8
90,Solomon Islands,2008,Assault rate per 100000 population,217.9
90,Solomon Islands,2008,Theft at the national level rate per 100000 population,174.4
90,Solomon Islands,2008,Robbery at the national level rate per 100000 population,10.3
90,Solomon Islands,2008,Total Sexual Violence at the national level rate per 100000,24.2
90,Solomon Islands,2008,Percentage of male and female intentional homicide victims Male,5.7
90,Solomon Islands,2008,Percentage of male and female intentional homicide victims Female,1.8
706,Somalia,2015,Intentional homicide rates per 100000,4.3
706,Somalia,2015,Percentage of male and female intentional homicide victims Male,6.5
706,Somalia,2015,Percentage of male and female intentional homicide victims Female,2.2
710,South Africa,2015,Intentional homicide rates per 100000,33.8
710,South Africa,2011,Percentage of male and female intentional homicide victims Male,51.3
710,South Africa,2011,Percentage of male and female intentional homicide victims Female,9
410,Republic of Korea,2014,Theft at the national level rate per 100000 population,531.7
410,Republic of Korea,2014,Robbery at the national level rate per 100000 population,3.2
410,Republic of Korea,2014,Assault rate per 100000 population,100.4
410,Republic of Korea,2014,Kidnapping at the national level rate per 100000,0.4
410,Republic of Korea,2014,Total Sexual Violence at the national level rate per 100000,42.1
410,Republic of Korea,2015,Intentional homicide rates per 100000,0.7
410,Republic of Korea,2015,Percentage of male and female intentional homicide victims Male,0.7
410,Republic of Korea,2015,Percentage of male and female intentional homicide victims Female,0.8
728,South Sudan,2012,Intentional homicide rates per 100000,13.9
728,South Sudan,2012,Percentage of male and female intentional homicide victims Male,21.6
728,South Sudan,2012,Percentage of male and female intentional homicide victims Female,6.2
724,Spain,2015,Intentional homicide rates per 100000,0.7
724,Spain,2015,Percentage of male and female intentional homicide victims Male,0.8
724,Spain,2015,Percentage of male and female intentional homicide victims Female,0.5
724,Spain,2015,Assault rate per 100000 population,63
724,Spain,2015,Kidnapping at the national level rate per 100000,0.2
724,Spain,2015,Theft at the national level rate per 100000 population,446.1
724,Spain,2015,Robbery at the national level rate per 100000 population,140
724,Spain,2015,Total Sexual Violence at the national level rate per 100000,21.4
144,Sri Lanka,2015,Intentional homicide rates per 100000,2.4
144,Sri Lanka,2013,Assault rate per 100000 population,316.4
144,Sri Lanka,2013,Kidnapping at the national level rate per 100000,1
144,Sri Lanka,2013,Theft at the national level rate per 100000 population,55.8
144,Sri Lanka,2013,Robbery at the national level rate per 100000 population,23.1
144,Sri Lanka,2015,Percentage of male and female intentional homicide victims Male,3.8
144,Sri Lanka,2015,Percentage of male and female intentional homicide victims Female,1
144,Sri Lanka,2013,Total Sexual Violence at the national level rate per 100000,4.8
729,Sudan,2008,Intentional homicide rates per 100000,5.2
729,Sudan,2008,Percentage of male and female intentional homicide victims Male,8
729,Sudan,2008,Percentage of male and female intentional homicide victims Female,2.4
729,Sudan,2008,Kidnapping at the national level rate per 100000,1.8
729,Sudan,2008,Theft at the national level rate per 100000 population,220.6
729,Sudan,2008,Robbery at the national level rate per 100000 population,8.9
740,Suriname,2008,Intentional homicide rates per 100000,8.3
740,Suriname,2004,Theft at the national level rate per 100000 population,2778.80
740,Suriname,2008,Percentage of male and female intentional homicide victims Male,12.7
740,Suriname,2008,Percentage of male and female intentional homicide victims Female,3.9
748,Eswatini,2010,Intentional homicide rates per 100000,17.3
748,Eswatini,2004,Assault rate per 100000 population,1332.40
748,Eswatini,2004,Kidnapping at the national level rate per 100000,8.8
748,Eswatini,2004,Theft at the national level rate per 100000 population,1904.60
748,Eswatini,2004,Robbery at the national level rate per 100000 population,309.8
748,Eswatini,2010,Percentage of male and female intentional homicide victims Male,30.9
748,Eswatini,2010,Percentage of male and female intentional homicide victims Female,4.5
752,Sweden,2015,Intentional homicide rates per 100000,1.1
752,Sweden,2015,Percentage of male and female intentional homicide victims Male,1.7
752,Sweden,2015,Percentage of male and female intentional homicide victims Female,0.6
752,Sweden,2015,Assault rate per 100000 population,47.4
752,Sweden,2015,Theft at the national level rate per 100000 population,3815.50
752,Sweden,2015,Robbery at the national level rate per 100000 population,86.5
752,Sweden,2015,Total Sexual Violence at the national level rate per 100000,155.8
756,Switzerland,2015,Intentional homicide rates per 100000,0.7
756,Switzerland,2015,Percentage of male and female intentional homicide victims Male,0.7
756,Switzerland,2015,Percentage of male and female intentional homicide victims Female,0.7
756,Switzerland,2015,Assault rate per 100000 population,7.4
756,Switzerland,2015,Kidnapping at the national level rate per 100000,0.1
756,Switzerland,2015,Theft at the national level rate per 100000 population,1759.60
756,Switzerland,2015,Robbery at the national level rate per 100000 population,39.5
756,Switzerland,2015,Total Sexual Violence at the national level rate per 100000,32.7
760,Syrian Arab Republic,2010,Intentional homicide rates per 100000,2.2
760,Syrian Arab Republic,2008,Assault rate per 100000 population,2.8
760,Syrian Arab Republic,2008,Kidnapping at the national level rate per 100000,0.1
760,Syrian Arab Republic,2008,Theft at the national level rate per 100000 population,32.4
760,Syrian Arab Republic,2008,Robbery at the national level rate per 100000 population,4.3
760,Syrian Arab Republic,2008,Total Sexual Violence at the national level rate per 100000,0.4
760,Syrian Arab Republic,2010,Percentage of male and female intentional homicide victims Male,3.4
760,Syrian Arab Republic,2010,Percentage of male and female intentional homicide victims Female,1
654,Saint Helena,2009,Intentional homicide rates per 100000,0
666,Saint Pierre and Miquelon,2009,Intentional homicide rates per 100000,15.9
762,Tajikistan,2011,Intentional homicide rates per 100000,1.6
762,Tajikistan,2011,Theft at the national level rate per 100000 population,47.3
762,Tajikistan,2011,Percentage of male and female intentional homicide victims Male,2.8
762,Tajikistan,2011,Percentage of male and female intentional homicide victims Female,0.4
762,Tajikistan,2011,Assault rate per 100000 population,48.2
762,Tajikistan,2011,Kidnapping at the national level rate per 100000,2.2
762,Tajikistan,2011,Robbery at the national level rate per 100000 population,3.7
762,Tajikistan,2011,Total Sexual Violence at the national level rate per 100000,2.6
834,United Rep. of Tanzania,2015,Intentional homicide rates per 100000,7
834,United Rep. of Tanzania,2015,Percentage of male and female intentional homicide victims Male,11.5
834,United Rep. of Tanzania,2015,Percentage of male and female intentional homicide victims Female,2.5
834,United Rep. of Tanzania,2015,Robbery at the national level rate per 100000 population,17.6
834,United Rep. of Tanzania,2015,Total Sexual Violence at the national level rate per 100000,0.1
834,United Rep. of Tanzania,2015,Assault rate per 100000 population,4.4
834,United Rep. of Tanzania,2015,Theft at the national level rate per 100000 population,0.3
764,Thailand,2015,Intentional homicide rates per 100000,3.5
764,Thailand,2014,Percentage of male and female intentional homicide victims Male,6.7
764,Thailand,2014,Percentage of male and female intentional homicide victims Female,1.2
764,Thailand,2015,Assault rate per 100000 population,20.1
764,Thailand,2015,Kidnapping at the national level rate per 100000,0.5
764,Thailand,2015,Theft at the national level rate per 100000 population,57.9
764,Thailand,2015,Robbery at the national level rate per 100000 population,2.2
764,Thailand,2015,Total Sexual Violence at the national level rate per 100000,6
44,Bahamas,2015,Intentional homicide rates per 100000,37.7
44,Bahamas,2012,Percentage of male and female intentional homicide victims Male,55.5
44,Bahamas,2012,Percentage of male and female intentional homicide victims Female,5.3
44,Bahamas,2012,Kidnapping at the national level rate per 100000,7.5
44,Bahamas,2012,Theft at the national level rate per 100000 population,533.1
44,Bahamas,2012,Total Sexual Violence at the national level rate per 100000,80.3
44,Bahamas,2012,Assault rate per 100000 population,841.1
44,Bahamas,2012,Robbery at the national level rate per 100000 population,98.6
270,Gambia,2015,Intentional homicide rates per 100000,9.1
270,Gambia,2015,Percentage of male and female intentional homicide victims Male,16.6
270,Gambia,2015,Percentage of male and female intentional homicide victims Female,1.8
626,Timor-Leste,2015,Intentional homicide rates per 100000,3.9
626,Timor-Leste,2015,Percentage of male and female intentional homicide victims Male,6.2
626,Timor-Leste,2015,Percentage of male and female intentional homicide victims Female,1.6
768,Togo,2015,Intentional homicide rates per 100000,9
768,Togo,2015,Percentage of male and female intentional homicide victims Male,14.9
768,Togo,2015,Percentage of male and female intentional homicide victims Female,3.2
776,Tonga,2012,Intentional homicide rates per 100000,1
776,Tonga,2012,Percentage of male and female intentional homicide victims Male,0
776,Tonga,2012,Percentage of male and female intentional homicide victims Female,1.9
780,Trinidad and Tobago,2015,Intentional homicide rates per 100000,30.9
780,Trinidad and Tobago,2015,Percentage of male and female intentional homicide victims Male,58.3
780,Trinidad and Tobago,2015,Percentage of male and female intentional homicide victims Female,4.2
780,Trinidad and Tobago,2015,Assault rate per 100000 population,44.1
780,Trinidad and Tobago,2015,Kidnapping at the national level rate per 100000,0.3
780,Trinidad and Tobago,2015,Theft at the national level rate per 100000 population,137.5
780,Trinidad and Tobago,2015,Robbery at the national level rate per 100000 population,181.5
780,Trinidad and Tobago,2015,Total Sexual Violence at the national level rate per 100000,51.1
788,Tunisia,2012,Intentional homicide rates per 100000,3
788,Tunisia,2012,Percentage of male and female intentional homicide victims Male,5.1
788,Tunisia,2012,Percentage of male and female intentional homicide victims Female,1
792,Turkey,2012,Intentional homicide rates per 100000,4.3
792,Turkey,2012,Percentage of male and female intentional homicide victims Male,7.1
792,Turkey,2012,Percentage of male and female intentional homicide victims Female,1.6
792,Turkey,2012,Assault rate per 100000 population,350.5
792,Turkey,2012,Kidnapping at the national level rate per 100000,17.9
792,Turkey,2012,Theft at the national level rate per 100000 population,279.1
792,Turkey,2012,Robbery at the national level rate per 100000 population,13.8
792,Turkey,2012,Total Sexual Violence at the national level rate per 100000,7.4
795,Turkmenistan,2006,Intentional homicide rates per 100000,4.2
795,Turkmenistan,2004,Kidnapping at the national level rate per 100000,2.7
795,Turkmenistan,2006,Robbery at the national level rate per 100000 population,2.9
795,Turkmenistan,2006,Assault rate per 100000 population,1.7
795,Turkmenistan,2006,Theft at the national level rate per 100000 population,29.8
795,Turkmenistan,2006,Percentage of male and female intentional homicide victims Male,6.8
795,Turkmenistan,2006,Percentage of male and female intentional homicide victims Female,1.7
798,Tuvalu,2012,Intentional homicide rates per 100000,18.6
158,Other non-specified areas,2015,Intentional homicide rates per 100000,0.8
158,Other non-specified areas,2015,Percentage of male and female intentional homicide victims Male,138.7
158,Other non-specified areas,2015,Percentage of male and female intentional homicide victims Female,53.3
796,Turks and Caicos Islands,2014,Intentional homicide rates per 100000,5.9
800,Uganda,2014,Intentional homicide rates per 100000,11.5
800,Uganda,2014,Assault rate per 100000 population,38.4
800,Uganda,2014,Theft at the national level rate per 100000 population,45.2
800,Uganda,2014,Robbery at the national level rate per 100000 population,9.6
800,Uganda,2014,Total Sexual Violence at the national level rate per 100000,36.2
800,Uganda,2014,Percentage of male and female intentional homicide victims Male,18.8
800,Uganda,2014,Percentage of male and female intentional homicide victims Female,4.3
800,Uganda,2014,Kidnapping at the national level rate per 100000,0.6
804,Ukraine,2014,Intentional homicide rates per 100000,6.3
804,Ukraine,2010,Percentage of male and female intentional homicide victims Male,6.6
804,Ukraine,2010,Percentage of male and female intentional homicide victims Female,2.4
804,Ukraine,2010,Assault rate per 100000 population,8.8
804,Ukraine,2010,Kidnapping at the national level rate per 100000,0.6
804,Ukraine,2010,Theft at the national level rate per 100000 population,558.1
804,Ukraine,2010,Robbery at the national level rate per 100000 population,51
804,Ukraine,2010,Total Sexual Violence at the national level rate per 100000,3
784,United Arab Emirates,2015,Intentional homicide rates per 100000,0.7
784,United Arab Emirates,2015,Kidnapping at the national level rate per 100000,0.9
784,United Arab Emirates,2015,Theft at the national level rate per 100000 population,67.8
784,United Arab Emirates,2015,Robbery at the national level rate per 100000 population,9
784,United Arab Emirates,2015,Assault rate per 100000 population,3.5
784,United Arab Emirates,2015,Percentage of male and female intentional homicide victims Male,0.7
784,United Arab Emirates,2015,Percentage of male and female intentional homicide victims Female,0.4
784,United Arab Emirates,2015,Total Sexual Violence at the national level rate per 100000,4.1
826,United Kingdom,2015,Intentional homicide rates per 100000,1
826,United Kingdom,2015,Percentage of male and female intentional homicide victims Male,1.2
826,United Kingdom,2015,Percentage of male and female intentional homicide victims Female,0.8
826,United Kingdom,2014,Assault rate per 100000 population,649.3
826,United Kingdom,2014,Kidnapping at the national level rate per 100000,3.8
826,United Kingdom,2014,Theft at the national level rate per 100000 population,2208.60
826,United Kingdom,2014,Robbery at the national level rate per 100000 population,87.5
826,United Kingdom,2014,Total Sexual Violence at the national level rate per 100000,137
840,United States of America,2015,Intentional homicide rates per 100000,5
840,United States of America,2015,Percentage of male and female intentional homicide victims Male,7.9
840,United States of America,2015,Percentage of male and female intentional homicide victims Female,2.1
840,United States of America,2015,Assault rate per 100000 population,237.6
840,United States of America,2015,Theft at the national level rate per 100000 population,1773.40
840,United States of America,2015,Robbery at the national level rate per 100000 population,101.7
858,Uruguay,2015,Intentional homicide rates per 100000,8.5
858,Uruguay,2015,Kidnapping at the national level rate per 100000,0.3
858,Uruguay,2015,Theft at the national level rate per 100000 population,3043.60
858,Uruguay,2015,Robbery at the national level rate per 100000 population,566
858,Uruguay,2015,Percentage of male and female intentional homicide victims Male,14.7
858,Uruguay,2015,Percentage of male and female intentional homicide victims Female,2.8
858,Uruguay,2015,Assault rate per 100000 population,13.6
858,Uruguay,2015,Total Sexual Violence at the national level rate per 100000,46.1
860,Uzbekistan,2008,Intentional homicide rates per 100000,3
860,Uzbekistan,2008,Percentage of male and female intentional homicide victims Male,4.9
860,Uzbekistan,2008,Percentage of male and female intentional homicide victims Female,1.2
548,Vanuatu,2015,Intentional homicide rates per 100000,2.1
548,Vanuatu,2015,Percentage of male and female intentional homicide victims Male,3.2
548,Vanuatu,2015,Percentage of male and female intentional homicide victims Female,1.1
336,Holy See,2015,Intentional homicide rates per 100000,0
862,Venezuela (Boliv. Rep. of),2014,Intentional homicide rates per 100000,61.9
862,Venezuela (Boliv. Rep. of),2012,Percentage of male and female intentional homicide victims Male,101.5
862,Venezuela (Boliv. Rep. of),2012,Percentage of male and female intentional homicide victims Female,6.3
704,Viet Nam,2011,Intentional homicide rates per 100000,1.5
704,Viet Nam,2011,Percentage of male and female intentional homicide victims Male,2.6
704,Viet Nam,2011,Percentage of male and female intentional homicide victims Female,0.4
92,British Virgin Islands,2006,Intentional homicide rates per 100000,8.4
850,United States Virgin Islands,2012,Intentional homicide rates per 100000,49.3
850,United States Virgin Islands,2012,Percentage of male and female intentional homicide victims Male,99.2
850,United States Virgin Islands,2012,Percentage of male and female intentional homicide victims Female,3.6
275,State of Palestine,2015,Intentional homicide rates per 100000,1
275,State of Palestine,2012,Assault rate per 100000 population,8.1
275,State of Palestine,2012,Kidnapping at the national level rate per 100000,0.3
275,State of Palestine,2012,Theft at the national level rate per 100000 population,45.3
275,State of Palestine,2013,Robbery at the national level rate per 100000 population,84.5
275,State of Palestine,2012,Percentage of male and female intentional homicide victims Male,1
275,State of Palestine,2012,Percentage of male and female intentional homicide victims Female,0.2
275,State of Palestine,2013,Total Sexual Violence at the national level rate per 100000,3
887,Yemen,2013,Intentional homicide rates per 100000,6.7
887,Yemen,2009,Kidnapping at the national level rate per 100000,0.2
887,Yemen,2009,Assault rate per 100000 population,0.1
887,Yemen,2009,Robbery at the national level rate per 100000 population,1.9
887,Yemen,2009,Total Sexual Violence at the national level rate per 100000,0.3
887,Yemen,2013,Percentage of male and female intentional homicide victims Male,10.3
887,Yemen,2013,Percentage of male and female intentional homicide victims Female,3
894,Zambia,2015,Intentional homicide rates per 100000,5.3
894,Zambia,2015,Percentage of male and female intentional homicide victims Male,8.6
894,Zambia,2015,Percentage of male and female intentional homicide victims Female,2.1
716,Zimbabwe,2012,Intentional homicide rates per 100000,6.7
716,Zimbabwe,2008,Assault rate per 100000 population,379.7
716,Zimbabwe,2008,Kidnapping at the national level rate per 100000,1.6
716,Zimbabwe,2008,Theft at the national level rate per 100000 population,677.7
716,Zimbabwe,2008,Robbery at the national level rate per 100000 population,65.2
716,Zimbabwe,2012,Percentage of male and female intentional homicide victims Male,11.5
716,Zimbabwe,2012,Percentage of male and female intentional homicide victims Female,2
